{"Version":2,"SourceFileDate":133927417836814780,"Flags":["FL_BITMAP_COMPRESSION","FL_BITMAP_MIPMAP","FL_BITMAP_QUALITY_HIGH","FL_BITMAP_PRECOMPUTED_INV_AVG"],"InvAvgColor":[1.1917768716812134,1.973589301109314,38.69989013671875],"HasTransp":true}