{"Version":2,"SourceFileDate":133927417836996912,"Flags":["FL_BITMAP_COMPRESSION","FL_BITMAP_MIPMAP","FL_BITMAP_QUALITY_HIGH","FL_BITMAP_PRECOMPUTED_INV_AVG"],"InvAvgColor":[1.091505765914917,1.8076111078262329,35.493885040283203],"HasTransp":true}