{"Version":2,"SourceFileDate":133927417837062003,"Flags":["FL_BITMAP_COMPRESSION","FL_BITMAP_MIPMAP","FL_BITMAP_QUALITY_HIGH","FL_BITMAP_PRECOMPUTED_INV_AVG"],"InvAvgColor":[1.2139633893966675,2.0102612972259521,39.371738433837891],"HasTransp":true}