{"Version":2,"SourceFileDate":133927417837235811,"Flags":["FL_BITMAP_COMPRESSION","FL_BITMAP_MIPMAP","FL_BITMAP_QUALITY_HIGH","FL_BITMAP_PRECOMPUTED_INV_AVG"],"InvAvgColor":[1.1845184564590454,1.9613720178604126,38.416534423828125],"HasTransp":true}