{"Version":2,"SourceFileDate":133414154272110002,"Flags":["FL_BITMAP_COMPRESSION","FL_BITMAP_MIPMAP","FL_BITMAP_QUALITY_HIGH","FL_BITMAP_PRECOMPUTED_INV_AVG"],"InvAvgColor":[1.2115375995635986,2.0063283443450928,39.298442840576172],"HasTransp":true}