{"Version":2,"SourceFileDate":133927417838161414,"Flags":["FL_BITMAP_COMPRESSION","FL_BITMAP_MIPMAP","FL_BITMAP_QUALITY_HIGH","FL_BITMAP_PRECOMPUTED_INV_AVG"],"InvAvgColor":[1.2370752096176147,2.0484805107116699,40.111400604248047],"HasTransp":true}