{"Version":2,"SourceFileDate":133414154273389425,"Flags":["FL_BITMAP_COMPRESSION","FL_BITMAP_MIPMAP","FL_BITMAP_QUALITY_HIGH","FL_BITMAP_PRECOMPUTED_INV_AVG"],"InvAvgColor":[1.2392815351486206,2.0521256923675537,40.170581817626953],"HasTransp":true}