{"Version":2,"SourceFileDate":133414154276083374,"Flags":["FL_BITMAP_COMPRESSION","FL_BITMAP_MIPMAP","FL_BITMAP_QUALITY_HIGH","FL_BITMAP_PRECOMPUTED_INV_AVG"],"InvAvgColor":[1.1773291826248169,1.9497146606445312,38.208461761474609],"HasTransp":true}