{"Version":2,"SourceFileDate":133414154275697144,"Flags":["FL_BITMAP_COMPRESSION","FL_BITMAP_MIPMAP","FL_BITMAP_QUALITY_HIGH","FL_BITMAP_PRECOMPUTED_INV_AVG"],"InvAvgColor":[1.0668895244598389,1.7668906450271606,34.716159820556641],"HasTransp":true}