{"Version":2,"SourceFileDate":133414154275752207,"Flags":["FL_BITMAP_COMPRESSION","FL_BITMAP_MIPMAP","FL_BITMAP_QUALITY_HIGH","FL_BITMAP_PRECOMPUTED_INV_AVG"],"InvAvgColor":[1.2440961599349976,2.0601236820220947,40.328632354736328],"HasTransp":true}