{"Version":2,"SourceFileDate":133414154268849875,"Flags":["FL_BITMAP_COMPRESSION","FL_BITMAP_MIPMAP","FL_BITMAP_QUALITY_HIGH","FL_BITMAP_PRECOMPUTED_INV_AVG"],"InvAvgColor":[1.2308741807937622,2.038231372833252,39.914169311523438],"HasTransp":true}