{"Version":2,"SourceFileDate":133414154275812530,"Flags":["FL_BITMAP_COMPRESSION","FL_BITMAP_MIPMAP","FL_BITMAP_QUALITY_HIGH","FL_BITMAP_PRECOMPUTED_INV_AVG"],"InvAvgColor":[1.2417622804641724,2.0562291145324707,40.265293121337891],"HasTransp":true}