{"Version":2,"SourceFileDate":133414154276023135,"Flags":["FL_BITMAP_COMPRESSION","FL_BITMAP_MIPMAP","FL_BITMAP_QUALITY_HIGH","FL_BITMAP_PRECOMPUTED_INV_AVG"],"InvAvgColor":[1.2569615840911865,2.0813863277435303,40.737129211425781],"HasTransp":true}