{"Version":2,"SourceFileDate":133927417839268294,"Flags":["FL_BITMAP_COMPRESSION","FL_BITMAP_MIPMAP","FL_BITMAP_QUALITY_HIGH","FL_BITMAP_PRECOMPUTED_INV_AVG"],"InvAvgColor":[1.2298662662506104,2.036649227142334,39.945629119873047]}