{"Version":2,"SourceFileDate":133927417839333380,"Flags":["FL_BITMAP_COMPRESSION","FL_BITMAP_MIPMAP","FL_BITMAP_QUALITY_HIGH","FL_BITMAP_PRECOMPUTED_INV_AVG"],"InvAvgColor":[1.2230566740036011,2.0253467559814453,39.725475311279297]}