{"Version":2,"SourceFileDate":133927417839393596,"Flags":["FL_BITMAP_COMPRESSION","FL_BITMAP_MIPMAP","FL_BITMAP_QUALITY_HIGH","FL_BITMAP_PRECOMPUTED_INV_AVG"],"InvAvgColor":[1.250105619430542,2.0701203346252441,40.595722198486328]}