{"Version":2,"SourceFileDate":133414154269698044,"Flags":["FL_BITMAP_COMPRESSION","FL_BITMAP_MIPMAP","FL_BITMAP_QUALITY_HIGH","FL_BITMAP_PRECOMPUTED_INV_AVG"],"InvAvgColor":[1.2417054176330566,2.0562291145324707,40.326698303222656]}