{"Version":2,"SourceFileDate":133927417839510646,"Flags":["FL_BITMAP_COMPRESSION","FL_BITMAP_MIPMAP","FL_BITMAP_QUALITY_HIGH","FL_BITMAP_PRECOMPUTED_INV_AVG"],"InvAvgColor":[1.2446476221084595,2.0610802173614502,40.414146423339844]}