{"Version":2,"SourceFileDate":133414154276614605,"Flags":["FL_BITMAP_COMPRESSION","FL_BITMAP_MIPMAP","FL_BITMAP_QUALITY_HIGH","FL_BITMAP_PRECOMPUTED_INV_AVG"],"InvAvgColor":[1.2368013858795166,2.0480971336364746,40.164749145507812]}