{"Version":2,"SourceFileDate":133414163242976439,"Flags":["FL_BITMAP_COMPRESSION","FL_BITMAP_MIPMAP","FL_BITMAP_QUALITY_HIGH","FL_BITMAP_PRECOMPUTED_INV_AVG"],"InvAvgColor":[1.2548270225524902,2.0779664516448975,40.747524261474609]}