{"Version":2,"SourceFileDate":133927417839683719,"Flags":["FL_BITMAP_COMPRESSION","FL_BITMAP_MIPMAP","FL_BITMAP_QUALITY_HIGH","FL_BITMAP_PRECOMPUTED_INV_AVG"],"InvAvgColor":[1.2457592487335205,2.0629823207855225,40.456588745117188]}