{"Version":2,"SourceFileDate":133414154275902830,"Flags":["FL_BITMAP_COMPRESSION","FL_BITMAP_MIPMAP","FL_BITMAP_QUALITY_HIGH","FL_BITMAP_PRECOMPUTED_INV_AVG"],"InvAvgColor":[1.1966073513031006,1.9815739393234253,38.887310028076172]}