{"Version":2,"SourceFileDate":133414154271979505,"Flags":["FL_BITMAP_COMPRESSION","FL_BITMAP_MIPMAP","FL_BITMAP_QUALITY_HIGH","FL_BITMAP_PRECOMPUTED_INV_AVG"],"InvAvgColor":[1.1471554040908813,1.8996133804321289,37.27008056640625]}