{"Version":2,"SourceFileDate":133414154273790810,"Flags":["FL_BITMAP_COMPRESSION","FL_BITMAP_MIPMAP","FL_BITMAP_QUALITY_HIGH","FL_BITMAP_PRECOMPUTED_INV_AVG"],"InvAvgColor":[1.1966366767883301,1.9815908670425415,38.891876220703125]}