{"Version":2,"SourceFileDate":133414154276113452,"Flags":["FL_BITMAP_COMPRESSION","FL_BITMAP_MIPMAP","FL_BITMAP_QUALITY_HIGH","FL_BITMAP_PRECOMPUTED_INV_AVG"],"InvAvgColor":[1.2232842445373535,2.0257341861724854,39.731105804443359]}