{"Version":2,"SourceFileDate":133414154275661978,"Flags":["FL_BITMAP_COMPRESSION","FL_BITMAP_MIPMAP","FL_BITMAP_QUALITY_HIGH","FL_BITMAP_PRECOMPUTED_INV_AVG"],"InvAvgColor":[1.2418321371078491,2.0564351081848145,40.327846527099609]}