{"Version":2,"SourceFileDate":133927417840051183,"Flags":["FL_BITMAP_COMPRESSION","FL_BITMAP_MIPMAP","FL_BITMAP_QUALITY_HIGH","FL_BITMAP_PRECOMPUTED_INV_AVG"],"InvAvgColor":[1.2369228601455688,2.0483036041259766,40.164836883544922]}