{"Version":2,"SourceFileDate":133414154273554896,"Flags":["FL_BITMAP_COMPRESSION","FL_BITMAP_MIPMAP","FL_BITMAP_QUALITY_HIGH","FL_BITMAP_PRECOMPUTED_INV_AVG"],"InvAvgColor":[1.2459146976470947,2.0631899833679199,40.456367492675781]}